month,segment,sessions,successes,energy_kwh,revenue,contribution,planned_hours,available_hours,occupied_hours,month_date
2025-01,Campus,1573.00000000,1523.00000000,32649.38990000,8815.33470000,1474.99440000,21576,21361.41254000,1317.77312000,2025-01-01
2025-01,Commercial,4137.00000000,3996.00000000,83989.24490000,32755.80730000,16068.20090000,26040,25790.72445000,2997.42680000,2025-01-01
2025-01,Highway,4741.00000000,4373.00000000,91727.06010000,44028.98850000,26179.57620000,23064,22660.80184000,5014.87938000,2025-01-01
2025-01,Residential,2232.00000000,2170.00000000,45609.33540000,13682.80080000,3975.82610000,22320,22105.16254000,2093.29974000,2025-01-01
2025-02,Campus,1586.00000000,1531.00000000,31603.74310000,8533.01020000,1511.88590000,19488,19275.56230000,1254.61856000,2025-02-01
2025-02,Commercial,3959.00000000,3805.00000000,80758.62070000,31495.86310000,15532.11030000,23520,23287.26447000,2934.83103000,2025-02-01
2025-02,Highway,4646.00000000,4291.00000000,90293.36940000,43340.81510000,25899.16950000,20832,20473.17734000,4912.08516000,2025-02-01
2025-02,Residential,2106.00000000,2027.00000000,41984.58880000,12595.37930000,3745.53610000,20160,19959.12704000,1883.28084000,2025-02-01
2025-03,Campus,1847.00000000,1768.00000000,36884.80010000,9958.89560000,1819.62850000,21576,21340.79766000,1469.49793000,2025-03-01
2025-03,Commercial,4557.00000000,4390.00000000,91075.64920000,35519.50700000,17565.92860000,26040,25795.62954000,3310.37502000,2025-03-01
2025-03,Highway,5174.00000000,4762.00000000,100493.71500000,48236.98410000,28876.72820000,23064,22641.40589000,5490.65672000,2025-03-01
2025-03,Residential,2487.00000000,2391.00000000,50028.41860000,15008.52530000,4562.64470000,22320,22074.66396000,2286.15517000,2025-03-01
2025-04,Campus,1632.00000000,1580.00000000,32940.52110000,8893.94250000,1553.01980000,20880,20713.35099000,1298.10478000,2025-04-01
2025-04,Commercial,4141.00000000,3991.00000000,83855.03360000,32703.46190000,16098.07930000,25200,24992.49245000,3037.30450000,2025-04-01
2025-04,Highway,4753.00000000,4363.00000000,92709.00900000,44500.32370000,26508.24420000,22320,21825.92678000,5119.36394000,2025-04-01
2025-04,Residential,2265.00000000,2166.00000000,44955.62190000,13486.68570000,3922.16660000,21600,21347.21892000,2017.39552000,2025-04-01
2025-05,Campus,1519.00000000,1465.00000000,30254.21370000,8168.63980000,1219.70080000,21576,21374.06558000,1211.85748000,2025-05-01
2025-05,Commercial,3869.00000000,3740.00000000,77987.34290000,30415.06460000,14835.20130000,26040,25827.11519000,2736.63537000,2025-05-01
2025-05,Highway,4413.00000000,4070.00000000,85305.08870000,40946.44290000,24251.29760000,23064,22620.29146000,4772.99266000,2025-05-01
2025-05,Residential,2070.00000000,1994.00000000,42279.83650000,12683.95130000,3532.75580000,22320,22107.40461000,1895.61799000,2025-05-01
2025-06,Campus,1317.00000000,1271.00000000,26905.16270000,7264.39330000,976.71470000,20880,20657.00257000,1070.22584000,2025-06-01
2025-06,Commercial,3273.00000000,3173.00000000,66743.72020000,26030.04990000,12411.87130000,25200,25016.30896000,2522.70227000,2025-06-01
2025-06,Highway,3816.00000000,3487.00000000,73981.39730000,35511.06840000,20848.98500000,22320,21951.82998000,4060.85067000,2025-06-01
2025-06,Residential,1718.00000000,1663.00000000,35130.88420000,10539.26640000,2790.87340000,21600,21378.25679000,1569.18003000,2025-06-01
