station_id,zone,added_ports,assumed_demand_recovery,additional_kwh,incremental_contribution,added_daily_fixed_cost
18,Highway,2,0.000000,0.000000,-651.600000,3.600000
18,Highway,2,0.100000,7070.126500,1493.001040,3.600000
18,Highway,2,0.250000,17675.316250,4709.902600,3.600000
17,Highway,2,0.000000,0.000000,-651.600000,3.600000
17,Highway,2,0.100000,13769.999100,3530.366390,3.600000
17,Highway,2,0.250000,34424.997750,9803.315975,3.600000
14,Highway,2,0.000000,0.000000,-651.600000,3.600000
14,Highway,2,0.100000,8603.717150,1970.644070,3.600000
14,Highway,2,0.250000,21509.292875,5904.010175,3.600000
15,Highway,2,0.000000,0.000000,-651.600000,3.600000
15,Highway,2,0.100000,5000.699470,871.882800,3.600000
15,Highway,2,0.250000,12501.748675,3157.107000,3.600000
2,Commercial,2,0.000000,0.000000,-651.600000,3.600000
2,Commercial,2,0.100000,8408.018450,1152.101050,3.600000
2,Commercial,2,0.250000,21020.046125,3857.652625,3.600000
