date,energy_kwh,weekday,baseline_kwh,baseline_std,zscore,flag
2025-01-01,7843.943800,2,,,,False
2025-01-02,8071.363400,3,,,,False
2025-01-03,7940.866300,4,,,,False
2025-01-04,8569.035200,5,,,,False
2025-01-05,7866.746600,6,,,,False
2025-01-06,7809.792200,0,,,,False
2025-01-07,7827.073200,1,,,,False
2025-01-08,8166.229200,2,,,,False
2025-01-09,7929.690500,3,,,,False
2025-01-10,8316.305800,4,,,,False
2025-01-11,8415.343000,5,,,,False
2025-01-12,8284.051200,6,,,,False
2025-01-13,7675.945400,0,,,,False
2025-01-14,8389.986200,1,,,,False
2025-01-15,7497.796500,2,,,,False
2025-01-16,8264.109700,3,,,,False
2025-01-17,8335.193100,4,,,,False
2025-01-18,8168.350000,5,,,,False
2025-01-19,8052.293700,6,,,,False
2025-01-20,7788.551700,0,,,,False
2025-01-21,7952.327700,1,,,,False
2025-01-22,8234.477600,2,,,,False
2025-01-23,9348.383100,3,,,,False
2025-01-24,8818.439000,4,,,,False
2025-01-25,8151.855500,5,,,,False
2025-01-26,8313.655300,6,,,,False
2025-01-27,8181.504900,0,,,,False
2025-01-28,7912.152000,1,,,,False
2025-01-29,8943.969400,2,7935.611775,337.930176,2.983923,False
2025-01-30,8733.077600,3,8403.386675,644.733495,0.511360,False
2025-01-31,8172.521500,4,8352.701050,359.699338,-0.500917,False
2025-02-01,8347.797900,5,8326.145925,201.848148,0.107269,False
2025-02-02,9064.539900,6,8129.186700,210.395673,4.445686,True
2025-02-03,9525.263000,0,7863.948550,219.700413,7.561727,True
2025-02-04,9140.779000,1,8020.384775,251.873432,4.448243,True
2025-02-05,9145.741200,2,8137.283300,537.591502,1.875881,False
2025-02-06,8679.660000,3,8469.324860,577.494746,0.364220,False
2025-02-07,8250.548400,4,8316.665140,321.761782,-0.205484,False
2025-02-08,8459.012700,5,8330.476320,175.073606,0.734185,False
2025-02-09,8535.996000,6,8316.257340,456.264042,0.481604,False
2025-02-10,9008.554500,0,8196.211440,766.938292,1.059203,False
2025-02-11,7803.418000,1,8244.463620,546.476727,-0.807071,False
2025-02-12,8306.230900,2,8305.359617,633.009943,0.001376,False
2025-02-13,8337.624600,3,8504.380717,523.615912,-0.318470,False
2025-02-14,8272.122100,4,8305.645683,289.055507,-0.115976,False
2025-02-15,8377.055000,5,8351.899050,165.149067,0.152323,False
2025-02-16,8794.052800,6,8352.880450,417.838502,1.055844,False
2025-02-17,8640.529500,0,8331.601950,761.931110,0.405453,False
2025-02-18,8473.785500,1,8170.956017,520.893134,0.581366,False
2025-02-19,8764.579400,2,8305.484086,577.856468,0.794480,False
2025-02-20,9773.310100,3,8480.558414,482.131242,2.681327,False
2025-02-21,9719.409400,4,8300.856600,264.174410,5.369759,True
2025-02-22,9239.790300,5,8355.492757,151.059310,5.853976,True
2025-02-23,8473.884800,6,8415.905071,416.287840,0.139278,False
2025-02-24,8074.029800,0,8375.734457,705.277436,-0.427782,False
2025-02-25,8373.096600,1,8214.217371,489.089829,0.324847,False
2025-02-26,8873.557000,2,8362.871000,559.072067,0.913453,False
2025-02-27,8960.552800,3,8642.152375,638.861628,0.498387,False
2025-02-28,9225.400800,4,8478.175700,557.991840,1.339133,False
2025-03-01,8477.037100,5,8466.029950,342.500858,0.032138,False
2025-03-02,8717.077100,6,8423.152537,385.952409,0.761556,False
2025-03-03,9560.452300,0,8338.021375,661.615453,1.847646,False
2025-03-04,9415.668400,1,8234.077275,456.280060,2.589618,False
2025-03-05,8301.448800,2,8491.572650,540.757784,-0.351588,False
2025-03-06,8542.723500,3,8753.301050,601.635368,-0.350009,False
2025-03-07,8727.166400,4,8638.742513,566.048282,0.156213,False
2025-03-08,9605.780300,5,8454.530188,340.084230,3.385191,True
2025-03-09,9082.483300,6,8529.443850,322.741863,1.713566,False
2025-03-10,8206.892400,0,8556.853888,746.071139,-0.469073,False
2025-03-11,9431.848800,1,8432.651675,582.162395,1.716355,False
2025-03-12,9804.785400,2,8508.475100,531.163957,2.440509,False
2025-03-13,8650.301800,3,8829.930175,514.474517,-0.349149,False
2025-03-14,8955.630000,4,8690.100088,551.054463,0.481858,False
2025-03-15,8771.165500,5,8603.334850,528.650513,0.317470,False
2025-03-16,8735.052600,6,8629.247863,357.588056,0.295884,False
2025-03-17,9204.947700,0,8623.222262,676.924790,0.859365,False
2025-03-18,8388.508900,1,8562.884500,679.630280,-0.256574,False
2025-03-19,9201.739400,2,8796.848712,530.312641,0.763494,False
2025-03-20,9961.584500,3,8878.204187,469.993723,2.305095,False
2025-03-21,8804.247000,4,8767.654700,537.461835,0.068084,False
2025-03-22,9000.887800,5,8678.686787,499.975934,0.644433,False
2025-03-23,8829.079100,6,8714.592725,271.275584,0.422030,False
2025-03-24,8792.873000,0,8800.271763,609.279145,-0.012143,False
2025-03-25,9847.304200,1,8617.407150,639.991821,1.921739,False
2025-03-26,9506.868100,2,8917.756438,492.710616,1.195654,False
2025-03-27,9090.424500,3,8954.854362,591.837501,0.229066,False
2025-03-28,8592.321900,4,8765.880700,537.293661,-0.323024,False
2025-03-29,8532.305600,5,8784.815825,460.742700,-0.548050,False
2025-03-30,8556.485800,6,8779.020700,218.528094,-1.018335,False
2025-03-31,9187.491700,0,8876.692775,556.649220,0.558339,False
2025-04-01,8098.736400,1,8859.301175,698.394780,-1.089018,False
2025-04-02,8213.774800,2,8988.118775,535.337653,-1.446459,False
2025-04-03,8536.291200,3,8999.522725,586.165947,-0.790274,False
2025-04-04,9203.695500,4,8818.355750,489.432589,0.787319,False
2025-04-05,8367.525100,5,8807.879287,439.887682,-1.001061,False
2025-04-06,9015.635800,6,8715.513937,196.402427,1.528097,False
2025-04-07,8283.156500,0,8834.471363,511.398633,-1.078053,False
2025-04-08,8927.614300,1,8729.045850,734.631521,0.270297,False
2025-04-09,8883.075200,2,8871.622975,594.294108,0.019270,False
2025-04-10,8483.482200,3,8981.601625,599.384873,-0.831051,False
2025-04-11,8507.397600,4,8937.499138,445.506161,-0.965422,False
2025-04-12,8939.595700,5,8796.443338,451.294309,0.317204,False
2025-04-13,9178.769900,6,8775.468913,206.711339,1.951035,False
2025-04-14,8841.038800,0,8743.796613,539.651711,0.180194,False
2025-04-15,8762.428800,1,8869.570387,632.732131,-0.169332,False
2025-04-16,8309.887600,2,8943.728512,549.177007,-1.154165,False
2025-04-17,8500.643900,3,8999.833825,578.865001,-0.862360,False
2025-04-18,8479.101800,4,8966.908575,400.833344,-1.216982,False
2025-04-19,8330.796500,5,8866.760925,419.304763,-1.278222,False
2025-04-20,7837.980600,6,8823.558550,251.541665,-3.918150,True
2025-04-21,9083.405200,0,8768.860275,538.826004,0.583760,False
2025-04-22,8513.269200,1,8905.650800,614.917988,-0.638104,False
2025-04-23,7690.279500,2,8886.892037,592.209485,-2.020590,False
2025-04-24,8836.279600,3,8840.750550,506.254870,-0.008831,False
2025-04-25,8000.818600,4,8811.870125,293.762338,-2.760911,False
2025-04-26,8382.720900,5,8753.136700,426.872117,-0.867744,False
2025-04-27,8246.985500,6,8744.070525,421.130767,-1.180358,False
2025-04-28,7501.866400,0,8895.032200,466.158851,-2.988607,False
2025-04-29,9002.788400,1,8923.172375,599.376130,0.132831,False
2025-04-30,7501.144100,2,8738.982350,728.174827,-1.699919,False
2025-05-01,8089.323800,3,8825.216400,503.955056,-1.460235,False
2025-05-02,8166.581800,4,8658.797350,359.249404,-1.370122,False
2025-05-03,8904.354600,5,8741.347175,436.774469,0.373207,False
2025-05-04,7876.394200,6,8685.309075,456.727407,-1.771111,False
2025-05-05,8581.603100,0,8637.708963,596.362015,-0.094080,False
2025-05-06,7765.750700,1,8871.562375,567.858113,-1.947338,False
2025-05-07,7992.407700,2,8638.944263,842.819844,-0.767111,False
2025-05-08,7675.480500,3,8768.541438,562.371783,-1.943662,False
2025-05-09,7645.150200,4,8588.724275,396.726043,-2.378402,False
2025-05-10,7399.192700,5,8653.668962,281.127983,-4.462296,True
2025-05-11,7756.172000,6,8534.547937,503.553660,-1.545766,False
2025-05-12,7681.326100,0,8684.547800,571.905026,-1.754175,False
2025-05-13,7687.884000,1,8663.300112,634.614966,-1.537020,False
2025-05-14,7601.321500,2,8412.397050,719.191201,-1.127761,False
2025-05-15,7610.990900,3,8646.688775,684.089717,-1.513980,False
2025-05-16,7222.368900,4,8424.914300,484.441274,-2.482335,False
2025-05-17,7695.957800,5,8482.172363,517.941970,-1.517959,False
2025-05-18,7915.815300,6,8412.187863,563.262828,-0.881245,False
2025-05-19,7659.838500,0,8494.095100,625.069983,-1.334661,False
2025-05-20,7032.457400,1,8575.722000,720.487936,-2.141971,False
2025-05-21,6786.106100,2,8212.344812,690.265674,-2.066217,False
2025-05-22,6926.691000,3,8352.864575,524.936625,-2.716849,False
2025-05-23,6985.910000,4,8227.179538,613.213233,-2.024205,False
2025-05-24,8276.409100,5,8319.056113,536.397978,-0.079506,False
2025-05-25,7584.392000,6,8298.029887,559.232403,-1.276103,False
2025-05-26,7814.039000,0,8352.465787,674.137791,-0.798690,False
2025-05-27,7197.623200,1,8223.866150,697.756003,-1.470776,False
2025-05-28,6270.214500,2,7872.249562,628.866894,-2.547495,False
2025-05-29,7659.731100,3,8082.397887,636.246562,-0.664313,False
2025-05-30,7499.787400,4,8026.378050,728.703791,-0.722640,False
2025-05-31,6865.206700,5,8287.069050,529.449523,-2.685548,False
2025-06-01,8135.488100,6,8176.518163,599.231048,-0.068471,False
2025-06-02,7432.859200,0,8180.784200,602.147457,-1.242096,False
2025-06-03,7473.807000,1,8111.227000,787.769055,-0.809146,False
2025-06-04,6907.279800,2,7629.304525,823.408726,-0.876873,False
2025-06-05,6961.265200,3,7972.827875,622.236885,-1.625687,False
2025-06-06,7471.379400,4,7813.389538,566.363461,-0.603870,False
2025-06-07,7869.740100,5,8099.279250,726.568930,-0.315922,False
2025-06-08,6455.603600,6,8066.499700,494.870474,-3.255187,True
2025-06-09,7111.398500,0,8074.497037,654.283354,-1.471990,False
2025-06-10,7097.583000,1,7929.501087,738.694037,-1.126201,False
2025-06-11,7514.759800,2,7382.330100,676.906976,0.195639,False
2025-06-12,6273.008500,3,7782.550750,674.335580,-2.238562,False
2025-06-13,6389.231600,4,7683.887263,499.504042,-2.591882,False
2025-06-14,6536.213300,5,7965.547300,643.517064,-2.221128,False
2025-06-15,6682.867000,6,7726.103913,553.581123,-1.884524,False
2025-06-16,7203.971400,0,7858.292000,650.562671,-1.005776,False
2025-06-17,6168.384900,1,7721.395362,704.225751,-2.205274,False
2025-06-18,7055.357800,2,7282.939125,571.410231,-0.398280,False
2025-06-19,6103.587200,3,7504.096325,786.117441,-1.781552,False
2025-06-20,7344.897700,4,7422.653487,566.234739,-0.137321,False
2025-06-21,6773.730400,5,7741.224400,793.349327,-1.219506,False
2025-06-22,6540.176400,6,7581.714713,660.541482,-1.576795,False
2025-06-23,6317.517900,0,7623.362775,454.866023,-2.870834,False
2025-06-24,5822.618200,1,7428.284825,807.907737,-1.987438,False
2025-06-25,6662.614500,2,7203.573913,550.460060,-0.982741,False
2025-06-26,6127.019100,3,7162.509775,715.055141,-1.448127,False
2025-06-27,5923.629800,4,7340.663375,515.799587,-2.747256,False
2025-06-28,6281.360800,5,7540.100588,811.237384,-1.551629,False
2025-06-29,6455.005300,6,7368.363575,689.955746,-1.323793,False
2025-06-30,5668.808900,0,7475.319213,650.654175,-2.776452,False
