start_hour,sessions,energy_kwh
0,1194,23750.820600
1,1190,24001.760100
2,1195,23392.057000
3,1087,21491.109200
4,1197,24178.376800
5,1211,24123.438300
6,1150,23424.567600
7,3431,68208.652500
8,3542,71012.768700
9,3499,70099.735600
10,3577,70312.214100
11,3413,67658.739300
12,3492,68417.872200
13,3483,70280.664700
14,3469,70014.039700
15,3433,68484.173600
16,3520,69483.104600
17,5855,115395.602700
18,6009,120086.698000
19,5849,117087.510800
20,5941,118770.171400
21,2327,46090.875300
22,2345,46516.843500
23,2422,47863.970700
