month,segment,sessions,successes,energy_kwh,revenue,contribution,planned_hours,available_hours,occupied_hours,uptime,utilization
2025-01,Campus,1573.000000,1523.000000,32649.389900,8815.334700,1474.994400,21576,21361.412540,1317.773120,0.990054,0.061689
2025-01,Commercial,4137.000000,3996.000000,83989.244900,32755.807300,16068.200900,26040,25790.724450,2997.426800,0.990427,0.116221
2025-01,Highway,4741.000000,4373.000000,91727.060100,44028.988500,26179.576200,23064,22660.801840,5014.879380,0.982518,0.221302
2025-01,Residential,2232.000000,2170.000000,45609.335400,13682.800800,3975.826100,22320,22105.162540,2093.299740,0.990375,0.094697
2025-02,Campus,1586.000000,1531.000000,31603.743100,8533.010200,1511.885900,19488,19275.562300,1254.618560,0.989099,0.065089
2025-02,Commercial,3959.000000,3805.000000,80758.620700,31495.863100,15532.110300,23520,23287.264470,2934.831030,0.990105,0.126027
2025-02,Highway,4646.000000,4291.000000,90293.369400,43340.815100,25899.169500,20832,20473.177340,4912.085160,0.982775,0.239928
2025-02,Residential,2106.000000,2027.000000,41984.588800,12595.379300,3745.536100,20160,19959.127040,1883.280840,0.990036,0.094357
2025-03,Campus,1847.000000,1768.000000,36884.800100,9958.895600,1819.628500,21576,21340.797660,1469.497930,0.989099,0.068859
2025-03,Commercial,4557.000000,4390.000000,91075.649200,35519.507000,17565.928600,26040,25795.629540,3310.375020,0.990616,0.128331
2025-03,Highway,5174.000000,4762.000000,100493.715000,48236.984100,28876.728200,23064,22641.405890,5490.656720,0.981677,0.242505
2025-03,Residential,2487.000000,2391.000000,50028.418600,15008.525300,4562.644700,22320,22074.663960,2286.155170,0.989008,0.103565
2025-04,Campus,1632.000000,1580.000000,32940.521100,8893.942500,1553.019800,20880,20713.350990,1298.104780,0.992019,0.062670
2025-04,Commercial,4141.000000,3991.000000,83855.033600,32703.461900,16098.079300,25200,24992.492450,3037.304500,0.991766,0.121529
2025-04,Highway,4753.000000,4363.000000,92709.009000,44500.323700,26508.244200,22320,21825.926780,5119.363940,0.977864,0.234554
2025-04,Residential,2265.000000,2166.000000,44955.621900,13486.685700,3922.166600,21600,21347.218920,2017.395520,0.988297,0.094504
2025-05,Campus,1519.000000,1465.000000,30254.213700,8168.639800,1219.700800,21576,21374.065580,1211.857480,0.990641,0.056698
2025-05,Commercial,3869.000000,3740.000000,77987.342900,30415.064600,14835.201300,26040,25827.115190,2736.635370,0.991825,0.105960
2025-05,Highway,4413.000000,4070.000000,85305.088700,40946.442900,24251.297600,23064,22620.291460,4772.992660,0.980762,0.211005
2025-05,Residential,2070.000000,1994.000000,42279.836500,12683.951300,3532.755800,22320,22107.404610,1895.617990,0.990475,0.085746
2025-06,Campus,1317.000000,1271.000000,26905.162700,7264.393300,976.714700,20880,20657.002570,1070.225840,0.989320,0.051809
2025-06,Commercial,3273.000000,3173.000000,66743.720200,26030.049900,12411.871300,25200,25016.308960,2522.702270,0.992711,0.100842
2025-06,Highway,3816.000000,3487.000000,73981.397300,35511.068400,20848.985000,22320,21951.829980,4060.850670,0.983505,0.184989
2025-06,Residential,1718.000000,1663.000000,35130.884200,10539.266400,2790.873400,21600,21378.256790,1569.180030,0.989734,0.073401
