month,zone,sessions,energy_kwh,uptime,utilization,contribution
2025-01,Campus,1573,32649.389900,0.990054,0.061689,1474.994400
2025-01,Commercial,4137,83989.244900,0.990427,0.116221,16068.200900
2025-01,Highway,4741,91727.060100,0.982518,0.221302,26179.576200
2025-01,Residential,2232,45609.335400,0.990375,0.094697,3975.826100
2025-02,Campus,1586,31603.743100,0.989099,0.065089,1511.885900
2025-02,Commercial,3959,80758.620700,0.990105,0.126027,15532.110300
2025-02,Highway,4646,90293.369400,0.982775,0.239928,25899.169500
2025-02,Residential,2106,41984.588800,0.990036,0.094357,3745.536100
2025-03,Campus,1847,36884.800100,0.989099,0.068859,1819.628500
2025-03,Commercial,4557,91075.649200,0.990616,0.128331,17565.928600
2025-03,Highway,5174,100493.715000,0.981677,0.242505,28876.728200
2025-03,Residential,2487,50028.418600,0.989008,0.103565,4562.644700
2025-04,Campus,1632,32940.521100,0.992019,0.062670,1553.019800
2025-04,Commercial,4141,83855.033600,0.991766,0.121529,16098.079300
2025-04,Highway,4753,92709.009000,0.977864,0.234554,26508.244200
2025-04,Residential,2265,44955.621900,0.988297,0.094504,3922.166600
2025-05,Campus,1519,30254.213700,0.990641,0.056698,1219.700800
2025-05,Commercial,3869,77987.342900,0.991825,0.105960,14835.201300
2025-05,Highway,4413,85305.088700,0.980762,0.211005,24251.297600
2025-05,Residential,2070,42279.836500,0.990475,0.085746,3532.755800
2025-06,Campus,1317,26905.162700,0.989320,0.051809,976.714700
2025-06,Commercial,3273,66743.720200,0.992711,0.100842,12411.871300
2025-06,Highway,3816,73981.397300,0.983505,0.184989,20848.985000
2025-06,Residential,1718,35130.884200,0.989734,0.073401,2790.873400
