station_id,zone,sessions,successes,energy_kwh,revenue,contribution,planned_hours,available_hours,occupied_hours,utilization,uptime,priority_score
18,Highway,3589.000000,3306.000000,70701.265000,33936.607200,20142.810400,17376,16948.328960,5135.770210,0.303025,0.975387,0.295567
17,Highway,7158.000000,6603.000000,137699.991000,66095.994000,39213.263900,34752,34295.176250,10018.894290,0.292137,0.986855,0.288297
14,Highway,4428.000000,4067.000000,86037.171500,41297.840600,24593.440700,21720,21357.530710,6245.171290,0.292411,0.983312,0.287531
15,Highway,2594.000000,2378.000000,50006.994700,24003.357900,14257.428000,13032,12605.465810,3647.884840,0.289389,0.967270,0.279917
2,Commercial,4151.000000,4010.000000,84080.184500,32791.274700,16082.210500,26064,25824.240790,6085.428400,0.235648,0.990801,0.233480
4,Commercial,3446.000000,3333.000000,70173.524500,27367.675100,13443.011400,21720,21544.292730,5065.473310,0.235119,0.991910,0.233217
7,Residential,1762.000000,1699.000000,36022.342200,10806.701900,3180.341000,17376,17141.982730,2603.281370,0.151866,0.986532,0.149821
12,Residential,1340.000000,1291.000000,26506.840300,7952.053700,2311.101700,13032,12816.276820,1923.724980,0.150100,0.983447,0.147615
10,Residential,2128.000000,2053.000000,43040.955800,12912.286600,3725.064600,21720,21487.808340,3108.112390,0.144645,0.989310,0.143099
13,Highway,2602.000000,2388.000000,51099.354500,24527.691800,14560.202700,13032,12620.945070,1596.300700,0.126480,0.968458,0.122491
19,Campus,1726.000000,1657.000000,35836.888800,9675.961600,1750.890200,21720,21485.280040,2578.344560,0.120005,0.989193,0.118708
24,Campus,1274.000000,1230.000000,25150.829200,6790.723100,1106.110100,17376,17186.877540,1823.897000,0.106121,0.989116,0.104966
16,Highway,7172.000000,6604.000000,138964.862800,66703.131200,39796.855000,34752,34345.986490,2726.807200,0.079392,0.988317,0.078465
9,Residential,2584.000000,2496.000000,52174.846800,15652.457500,4480.119600,26064,25828.841740,1622.915990,0.062833,0.990978,0.062267
6,Commercial,4140.000000,3993.000000,83682.311500,32636.103000,16028.580800,26064,25844.659350,1616.050370,0.062529,0.991585,0.062003
5,Commercial,4800.000000,4653.000000,97982.031600,38212.992900,18679.550800,30408,30169.322720,1881.040780,0.062349,0.992151,0.061860
11,Residential,2083.000000,2001.000000,41633.096400,12489.930800,3526.648700,21720,21487.714750,1322.731130,0.061558,0.989305,0.060899
3,Commercial,5377.000000,5172.000000,107513.076200,41930.098700,20442.052300,34752,34518.683070,2104.073390,0.060955,0.993286,0.060545
1,Commercial,2022.000000,1934.000000,40978.483200,15981.609400,7835.985900,13032,12808.336400,787.208740,0.061461,0.982837,0.060406
23,Campus,1689.000000,1638.000000,34275.304100,9254.332700,1574.220400,21720,21535.128390,1069.126460,0.049646,0.991488,0.049223
22,Campus,1257.000000,1213.000000,25021.131300,6755.705700,1014.115000,17376,17172.752550,774.341870,0.045091,0.988303,0.044564
8,Residential,2981.000000,2871.000000,60610.603900,18183.178300,5306.527100,30408,30209.209480,1164.163430,0.038537,0.993463,0.038285
21,Campus,1289.000000,1251.000000,26123.958200,7053.469100,1166.636200,17376,17142.250370,506.886500,0.029569,0.986548,0.029172
20,Campus,2239.000000,2149.000000,44829.719000,12104.023900,1943.972200,30408,30199.902750,869.481320,0.028791,0.993156,0.028594
